{
  "project_info": {
    "project_number": "739287271793",
    "firebase_url": "https://appmoviles-13447.firebaseio.com",
    "project_id": "appmoviles-13447",
    "storage_bucket": "appmoviles-13447.appspot.com"
  },
  "client": [
    {
      "client_info": {
        "mobilesdk_app_id": "1:739287271793:android:4c7d21db58780b0e",
        "android_client_info": {
          "package_name": "ittepic.edu.mx.app_firebase"
        }
      },
      "oauth_client": [
        {
          "client_id": "739287271793-ravmsjfobbcgachv5721nt7duei7rpt2.apps.googleusercontent.com",
          "client_type": 3
        }
      ],
      "api_key": [
        {
          "current_key": "AIzaSyBgtGGbPwA5Y6eSwCKA2mq66H8T1uzlPpU"
        }
      ],
      "services": {
        "analytics_service": {
          "status": 1
        },
        "appinvite_service": {
          "status": 1,
          "other_platform_oauth_client": []
        },
        "ads_service": {
          "status": 2
        }
      }
    },
    {
      "client_info": {
        "mobilesdk_app_id": "1:739287271793:android:59565b8344bac8b6",
        "android_client_info": {
          "package_name": "ittepic.edu.mx.firebase"
        }
      },
      "oauth_client": [
        {
          "client_id": "739287271793-ravmsjfobbcgachv5721nt7duei7rpt2.apps.googleusercontent.com",
          "client_type": 3
        }
      ],
      "api_key": [
        {
          "current_key": "AIzaSyBgtGGbPwA5Y6eSwCKA2mq66H8T1uzlPpU"
        }
      ],
      "services": {
        "analytics_service": {
          "status": 1
        },
        "appinvite_service": {
          "status": 1,
          "other_platform_oauth_client": []
        },
        "ads_service": {
          "status": 2
        }
      }
    }
  ],
  "configuration_version": "1"
}